slug,locale,meta_title,body_md,meta_description
terms-and-conditions,en-GB,Terms and Conditions,"# Terms and Conditions

Welcome to Casinade. These terms outline the rules for using our website.

## Acceptance of Terms
By using this website you agree to these terms.

## Privacy Policy
Your privacy is important to us.

## Responsible Gaming
Please gamble responsibly.

## Contact
Contact our support team with questions.",Terms and conditions for Casinade casino platform
terms-and-conditions,fr-CA,Termes et Conditions,"# Termes et Conditions

Bienvenue sur Casinade. Ces termes décrivent les règles d'utilisation de notre site.

## Acceptation des Termes
En utilisant ce site vous acceptez ces termes.

## Politique de Confidentialité
Votre vie privée est importante pour nous.

## Jeu Responsable
Veuillez jouer de manière responsable.

## Contact
Contactez notre équipe de support pour des questions.",Termes et conditions pour la plateforme de casino Casinade
terms-and-conditions,fr-FR,Termes et Conditions,"# Termes et Conditions

Bienvenue sur Casinade. Ces termes décrivent les règles d'utilisation de notre site.

## Acceptation des Termes
En utilisant ce site vous acceptez ces termes.

## Politique de Confidentialité
Votre vie privée est importante pour nous.

## Jeu Responsable
Veuillez jouer de manière responsable.

## Contact
Contactez notre équipe de support pour des questions.",Termes et conditions pour la plateforme de casino Casinade
terms-and-conditions,nl-BE,Algemene Voorwaarden,"# Algemene Voorwaarden

Welkom bij Casinade. Deze voorwaarden beschrijven de regels voor het gebruik van onze website.

## Acceptatie van Voorwaarden
Door deze website te gebruiken gaat u akkoord met deze voorwaarden.

## Privacybeleid
Uw privacy is belangrijk voor ons.

## Verantwoord Gokken
Speel alstublieft verantwoord.

## Contact
Neem contact op met ons supportteam bij vragen.",Algemene voorwaarden voor Casinade casino platform
terms-and-conditions,de-CH,Geschäftsbedingungen,"# Geschäftsbedingungen

Willkommen bei Casinade. Diese Bedingungen beschreiben die Regeln für die Nutzung unserer Website.

## Annahme der Bedingungen
Durch die Nutzung dieser Website stimmen Sie diesen Bedingungen zu.

## Datenschutzrichtlinie
Ihre Privatsphäre ist uns wichtig.

## Verantwortungsvolles Spielen
Bitte spielen Sie verantwortungsvoll.

## Kontakt
Kontaktieren Sie unser Support-Team bei Fragen.",Geschäftsbedingungen für die Casinade Casino-Plattform
vip,en-GB,VIP Program,"# VIP Program

## Exclusive Benefits for Our Valued Players

Welcome to our exclusive VIP program.

## VIP Levels

### Bronze VIP
- Personal account manager
- Faster withdrawals
- Special bonuses

### Silver VIP
- All Bronze benefits
- Higher withdrawal limits
- Exclusive tournaments

### Gold VIP
- All Silver benefits
- Luxury gifts
- Personalized service

### Platinum VIP
- All Gold benefits
- Private events
- Highest priority support

## How to Join

Membership is by invitation only.

## Contact

Contact our VIP team for more information.",Exclusive VIP program with premium benefits for valued players
vip,fr-CA,Programme VIP,"# Programme VIP

## Avantages Exclusifs pour Nos Joueurs Privilégiés

Bienvenue dans notre programme VIP exclusif.

## Niveaux VIP

### Bronze VIP
- Gestionnaire de compte personnel
- Retraits plus rapides
- Bonus spéciaux

### Argent VIP
- Tous les avantages Bronze
- Limites de retrait plus élevées
- Tournois exclusifs

### Or VIP
- Tous les avantages Argent
- Cadeaux de luxe
- Service personnalisé

### Platine VIP
- Tous les avantages Or
- Événements privés
- Support prioritaire le plus élevé

## Comment Rejoindre

L'adhésion se fait uniquement sur invitation.

## Contact

Contactez notre équipe VIP pour plus d'informations.",Programme VIP exclusif avec des avantages premium pour les joueurs privilégiés
vip,fr-FR,Programme VIP,"# Programme VIP

## Avantages Exclusifs pour Nos Joueurs Privilégiés

Bienvenue dans notre programme VIP exclusif.

## Niveaux VIP

### Bronze VIP
- Gestionnaire de compte personnel
- Retraits plus rapides
- Bonus spéciaux

### Argent VIP
- Tous les avantages Bronze
- Limites de retrait plus élevées
- Tournois exclusifs

### Or VIP
- Tous les avantages Argent
- Cadeaux de luxe
- Service personnalisé

### Platine VIP
- Tous les avantages Or
- Événements privés
- Support prioritaire le plus élevé

## Comment Rejoindre

L'adhésion se fait uniquement sur invitation.

## Contact

Contactez notre équipe VIP pour plus d'informations.",Programme VIP exclusif avec des avantages premium pour les joueurs privilégiés
vip,nl-BE,VIP Programma,"# VIP Programma

## Exclusieve Voordelen voor Onze Gewaardeerde Spelers

Welkom bij ons exclusieve VIP-programma.

## VIP Niveaus

### Brons VIP
- Persoonlijke accountmanager
- Snellere opnames
- Speciale bonussen

### Zilver VIP
- Alle Brons voordelen
- Hogere opnamelimieten
- Exclusieve toernooien

### Goud VIP
- Alle Zilver voordelen
- Luxe geschenken
- Gepersonaliseerde service

### Platina VIP
- Alle Goud voordelen
- Privé evenementen
- Hoogste prioriteit ondersteuning

## Hoe Lid Worden

Lidmaatschap is alleen op uitnodiging.

## Contact

Neem contact op met ons VIP-team voor meer informatie.",Exclusief VIP-programma met premium voordelen voor gewaardeerde spelers
vip,de-CH,VIP Programm,"# VIP Programm

## Exklusive Vorteile für Unsere Geschätzten Spieler

Willkommen in unserem exklusiven VIP-Programm.

## VIP Stufen

### Bronze VIP
- Persönlicher Kundenbetreuer
- Schnellere Auszahlungen
- Spezielle Boni

### Silber VIP
- Alle Bronze Vorteile
- Höhere Auszahlungslimits
- Exklusive Turniere

### Gold VIP
- Alle Silber Vorteile
- Luxusgeschenke
- Personalisierter Service

### Platin VIP
- Alle Gold Vorteile
- Private Veranstaltungen
- Höchste Priorität Support

## Wie Beitreten

Die Mitgliedschaft erfolgt nur auf Einladung.

## Kontakt

Wenden Sie sich an unser VIP-Team für weitere Informationen.",Exklusives VIP-Programm mit Premium-Vorteilen für geschätzte Spieler
bonuses,en-GB,Bonuses & Promotions,"# Bonuses & Promotions

## Discover Amazing Offers and Rewards

Welcome to our exciting world of bonuses and promotions.

## Welcome Bonus

New players can enjoy:
- 100% match bonus up to £500
- 50 free spins on selected slots
- Additional bonuses on next deposits

## Weekly Promotions

### Monday Reload
- 50% bonus up to £200
- Available every Monday

### Free Spin Friday
- Up to 100 free spins
- On featured games

### Weekend Cashback
- Get 10% cashback on losses
- Minimum £50 loss required

## Loyalty Program

Earn points with every bet and climb through our loyalty levels.

## Terms and Conditions

All bonuses are subject to our terms and conditions.",Exciting bonuses and promotional offers for enhanced gaming experience
bonuses,fr-CA,Bonus et Promotions,"# Bonus et Promotions

## Découvrez des Offres et Récompenses Incroyables

Bienvenue dans notre monde passionnant de bonus et promotions.

## Bonus de Bienvenue

Les nouveaux joueurs peuvent profiter de:
- Bonus de correspondance de 100% jusqu'à 500$
- 50 tours gratuits sur les machines sélectionnées
- Bonus supplémentaires sur les prochains dépôts

## Promotions Hebdomadaires

### Rechargement du Lundi
- Bonus de 50% jusqu'à 200$
- Disponible chaque lundi

### Tours Gratuits du Vendredi
- Jusqu'à 100 tours gratuits
- Sur les jeux en vedette

### Cashback de Week-end
- Obtenez 10% de cashback sur les pertes
- Perte minimale de 50$ requise

## Programme de Fidélité

Gagnez des points avec chaque pari et grimpez dans nos niveaux.

## Termes et Conditions

Tous les bonus sont soumis à nos termes et conditions.",Bonus passionnants et offres promotionnelles pour une expérience de jeu améliorée
bonuses,fr-FR,Bonus et Promotions,"# Bonus et Promotions

## Découvrez des Offres et Récompenses Incroyables

Bienvenue dans notre monde passionnant de bonus et promotions.

## Bonus de Bienvenue

Les nouveaux joueurs peuvent profiter de:
- Bonus de correspondance de 100% jusqu'à €500
- 50 tours gratuits sur les machines sélectionnées
- Bonus supplémentaires sur les prochains dépôts

## Promotions Hebdomadaires

### Rechargement du Lundi
- Bonus de 50% jusqu'à €200
- Disponible chaque lundi

### Tours Gratuits du Vendredi
- Jusqu'à 100 tours gratuits
- Sur les jeux en vedette

### Cashback de Week-end
- Obtenez 10% de cashback sur les pertes
- Perte minimale de €50 requise

## Programme de Fidélité

Gagnez des points avec chaque pari et grimpez dans nos niveaux.

## Termes et Conditions

Tous les bonus sont soumis à nos termes et conditions.",Bonus passionnants et offres promotionnelles pour une expérience de jeu améliorée
bonuses,nl-BE,Bonussen & Promoties,"# Bonussen & Promoties

## Ontdek Geweldige Aanbiedingen en Beloningen

Welkom in onze opwindende wereld van bonussen en promoties.

## Welkomstbonus

Nieuwe spelers kunnen genieten van:
- 100% match bonus tot €500
- 50 gratis spins op geselecteerde slots
- Extra bonussen op volgende stortingen

## Wekelijkse Promoties

### Maandag Herlaad
- 50% bonus tot €200
- Beschikbaar elke maandag

### Gratis Spin Vrijdag
- Tot 100 gratis spins
- Op uitgelichte spellen

### Weekend Cashback
- Krijg 10% cashback op verliezen
- Minimum €50 verlies vereist

## Loyaliteitsprogramma

Verdien punten met elke inzet en klim door onze niveaus.

## Algemene Voorwaarden

Alle bonussen zijn onderworpen aan onze voorwaarden.",Opwindende bonussen en promotionele aanbiedingen voor verbeterde spelervaring
bonuses,de-CH,Boni & Aktionen,"# Boni & Aktionen

## Entdecken Sie Erstaunliche Angebote und Belohnungen

Willkommen in unserer aufregenden Welt der Boni und Aktionen.

## Willkommensbonus

Neue Spieler können genießen:
- 100% Match-Bonus bis zu CHF 500
- 50 Freispiele auf ausgewählten Slots
- Zusätzliche Boni auf nächste Einzahlungen

## Wöchentliche Aktionen

### Montag Reload
- 50% Bonus bis zu CHF 200
- Verfügbar jeden Montag

### Freispin Freitag
- Bis zu 100 Freispiele
- Auf featured Spielen

### Wochenend Cashback
- Erhalten Sie 10% Cashback auf Verluste
- Minimum CHF 50 Verlust erforderlich

## Treueprogramm

Verdienen Sie Punkte mit jeder Wette und steigen Sie durch unsere Level.

## Geschäftsbedingungen

Alle Boni unterliegen unseren Geschäftsbedingungen.",Aufregende Boni und Werbeangebote für verbesserte Spielerfahrung
